{
    "compression_ratio": 1.119047619047619,
    "dictionary_size": 297,
    "memory_usage": 3.4609375,
    "execution_time": 0.004987239837646484
}