{
    "dictionary_size": 297,
    "memory_usage": 3.4609375,
    "execution_time": 0.03889656066894531
}